{"map_1": {"map": [[0, 0, 0, 0, 0, 2, 1, 0, 0, 0], [0, 1, 2, 2, 0, 2, 1, 0, 1, 0], [0, 1, 0, 2, 0, 2, 1, 0, 1, 0], [0, 1, 1, 2, 0, 2, 1, 0, 1, 0], [0, 0, 0, 0, 0, 1, 0, 0, 1, 0], [1, 1, 1, 1, 0, 1, 0, 1, 0, 0], [2, 2, 2, 2, 0, 0, 0, 1, 0, 0], [1, 0, 2, 2, 0, 1, 1, 2, 1, 0], [0, 1, 0, 2, 0, 2, 2, 0, 0, 0], [2, 0, 1, 2, 0, 0, 0, 0, 2, 4]], "start_place_x": 0, "start_place_y": 0, "parameters": {"alpha": 0.05, "gamma": 0.99, "epsilon": 0.99, "episodes": 40000, "step_limit": 1500, "epsilon_min": 0.0001, "epsilon_decay_rate1": 5e-07, "epsilon_decay_rate2": 1e-09, "reward_final": 10000, "reward_marsh": -120, "reward_road": -1, "steps_for_epsilon_stage1": 10000}}, "map_2": {"map": [[0, 0, 0, 0, 0, 0, 1, 0, 0, 0], [0, 0, 0, 1, 1, 0, 0, 0, 1, 0], [0, 0, 0, 0, 0, 1, 1, 1, 0, 0], [0, 0, 0, 1, 0, 0, 0, 1, 0, 1], [2, 0, 0, 1, 1, 1, 1, 1, 0, 0], [2, 0, 1, 4, 1, 0, 0, 0, 1, 0], [2, 0, 1, 0, 1, 0, 0, 1, 0, 0], [2, 0, 1, 0, 0, 1, 0, 0, 1, 0], [0, 0, 0, 1, 0, 0, 0, 1, 0, 0], [0, 1, 0, 0, 0, 0, 0, 0, 0, 0]], "start_place_x": 4, "start_place_y": 0, "parameters": {"alpha": 0.1, "gamma": 0.99, "epsilon": 10, "episodes": 10000, "step_limit": 1000, "epsilon_min": 0.0001, "epsilon_decay_rate1": 1.2000000000345068e-06, "epsilon_decay_rate2": 9e-09, "reward_final": 1000, "reward_marsh": -20, "reward_road": -1, "steps_for_epsilon_stage1": 4000}}, "map_3": {"map": [[0, 1, 0, 0, 0, 0, 0, 0, 0, 0], [0, 0, 0, 1, 0, 1, 1, 0, 1, 0], [0, 1, 0, 1, 0, 1, 0, 1, 1, 0], [0, 0, 2, 2, 1, 1, 0, 1, 0, 0], [2, 0, 0, 0, 0, 0, 0, 1, 1, 0], [0, 2, 2, 2, 0, 1, 0, 0, 0, 0], [0, 0, 0, 2, 0, 0, 0, 1, 1, 1], [0, 1, 0, 1, 1, 0, 1, 0, 0, 0], [0, 1, 1, 0, 0, 0, 0, 1, 1, 0], [0, 0, 0, 0, 0, 1, 0, 0, 0, 4]], "start_place_x": 0, "start_place_y": 0, "parameters": {"alpha": 0.1, "gamma": 0.99, "epsilon": 10, "episodes": 10000, "step_limit": 4000, "epsilon_min": 1e-05, "epsilon_decay_rate1": 4.999999999588667e-07, "epsilon_decay_rate2": 6e-09, "reward_final": 1000, "reward_marsh": -20, "reward_road": -1, "steps_for_epsilon_stage1": 3000}}, "map_4": {"map": [[0, 0, 0, 0, 1, 0, 0, 0, 0, 1], [0, 0, 0, 0, 1, 0, 0, 2, 0, 0], [0, 0, 0, 1, 0, 0, 0, 2, 0, 0], [0, 0, 1, 0, 0, 2, 0, 2, 0, 4], [1, 0, 0, 0, 0, 1, 0, 1, 0, 0], [0, 1, 0, 0, 0, 1, 1, 1, 1, 0], [0, 0, 1, 0, 1, 0, 0, 0, 1, 0], [0, 0, 0, 0, 1, 0, 1, 0, 1, 0], [0, 0, 1, 1, 0, 0, 1, 0, 1, 0], [0, 0, 0, 0, 0, 0, 1, 0, 0, 0]], "start_place_x": 2, "start_place_y": 0, "parameters": {"alpha": 0.1, "gamma": 0.99, "epsilon": 100, "episodes": 10000, "step_limit": 3000, "epsilon_min": 0.0001, "epsilon_decay_rate1": 6.999999999646178e-07, "epsilon_decay_rate2": 5e-09, "reward_final": 1000, "reward_marsh": -20, "reward_road": -1, "steps_for_epsilon_stage1": 4000}}, "map_5": {"map": [[0, 0, 0, 1, 0, 0, 0, 1, 0, 0], [0, 0, 0, 2, 0, 0, 0, 0, 0, 0], [0, 0, 0, 0, 0, 0, 0, 0, 0, 0], [0, 0, 2, 0, 0, 0, 1, 0, 0, 1], [2, 0, 0, 2, 4, 1, 0, 1, 0, 0], [2, 0, 0, 0, 1, 0, 1, 0, 0, 1], [2, 0, 0, 0, 0, 0, 1, 0, 1, 0], [0, 0, 1, 0, 0, 0, 1, 0, 0, 0], [0, 0, 0, 0, 0, 1, 1, 0, 0, 0], [0, 0, 0, 1, 0, 0, 0, 0, 0, 0]], "start_place_x": 0, "start_place_y": 9, "parameters": {"alpha": 0.1, "gamma": 0.99, "epsilon": 10, "episodes": 10000, "step_limit": 1000, "epsilon_min": 0.0001, "epsilon_decay_rate1": 1.2999999999818712e-06, "epsilon_decay_rate2": 8e-09, "reward_final": 1000, "reward_marsh": -20, "reward_road": -1, "steps_for_epsilon_stage1": 4000}}, "map_6": {"map": [[0, 3, 3, 3, 3, 3, 3, 3, 4, 0], [0, 0, 0, 0, 0, 0, 0, 0, 0, 0], [0, 3, 3, 3, 3, 3, 3, 3, 0, 0], [0, 3, 3, 3, 3, 3, 3, 3, 0, 0], [0, 0, 0, 0, 0, 0, 0, 0, 0, 0], [0, 0, 0, 0, 0, 0, 0, 0, 0, 0], [0, 0, 0, 0, 0, 0, 0, 0, 0, 0], [0, 0, 0, 0, 0, 0, 0, 0, 0, 0], [0, 0, 0, 0, 0, 0, 0, 0, 0, 0], [0, 0, 0, 0, 0, 0, 0, 0, 0, 0]], "start_place_x": 0, "start_place_y": 0, "parameters": {"alpha": 0.05, "gamma": 0.99, "epsilon": 0.99, "episodes": 10000, "step_limit": 1000, "epsilon_min": 0.001, "epsilon_decay_rate1": 5e-06, "epsilon_decay_rate2": 2e-08, "reward_final": 10000, "reward_marsh": -500, "reward_road": -1, "steps_for_epsilon_stage1": 2000}}, "map_7": {"map": [[0, 0, 0, 0, 0, 0, 0, 0, 0, 0], [3, 3, 3, 3, 3, 3, 3, 3, 3, 0], [0, 0, 0, 0, 0, 0, 3, 3, 3, 0], [0, 0, 0, 0, 0, 0, 3, 3, 3, 0], [0, 0, 0, 0, 0, 0, 0, 3, 3, 0], [0, 0, 0, 0, 0, 3, 3, 0, 3, 0], [0, 0, 0, 0, 3, 0, 0, 0, 3, 0], [0, 0, 0, 3, 0, 0, 0, 0, 3, 0], [3, 3, 3, 0, 0, 0, 0, 0, 3, 0], [0, 0, 0, 0, 0, 0, 0, 0, 0, 4]], "start_place_x": 0, "start_place_y": 0, "parameters": {"alpha": 0.05, "gamma": 0.99, "epsilon": 0.99, "episodes": 10000, "step_limit": 1000, "epsilon_min": 0.001, "epsilon_decay_rate1": 5e-07, "epsilon_decay_rate2": 5e-09, "reward_final": 10000, "reward_marsh": -500, "reward_road": -1, "steps_for_epsilon_stage1": 2500}}, "map_8": {"map": [[0, 0, 3, 3, 3, 3, 3, 3, 3, 0], [0, 0, 0, 3, 3, 3, 3, 3, 3, 0], [3, 3, 0, 0, 3, 3, 3, 3, 3, 0], [0, 3, 3, 3, 3, 3, 3, 3, 3, 0], [0, 0, 3, 0, 3, 0, 0, 0, 3, 0], [0, 3, 3, 3, 3, 3, 0, 0, 3, 0], [0, 0, 3, 3, 3, 3, 3, 0, 3, 0], [0, 3, 0, 0, 3, 0, 3, 0, 0, 0], [3, 0, 0, 0, 0, 3, 0, 0, 0, 0], [0, 0, 0, 0, 0, 0, 0, 0, 0, 4]], "start_place_x": 0, "start_place_y": 0, "parameters": {"alpha": 0.05, "gamma": 0.99, "epsilon": 0.99, "episodes": 20000, "step_limit": 1000, "epsilon_min": 0.001, "epsilon_decay_rate1": 5e-07, "epsilon_decay_rate2": 2e-09, "reward_final": 10000, "reward_marsh": -120, "reward_road": -1, "steps_for_epsilon_stage1": 5000}}, "map_9": {"map": [[0, 0, 0, 0, 0, 3, 3, 0, 0, 0], [0, 0, 0, 0, 3, 0, 0, 0, 0, 0], [0, 0, 0, 3, 0, 0, 3, 3, 0, 0], [0, 0, 3, 0, 0, 3, 3, 3, 0, 0], [0, 0, 0, 0, 3, 3, 3, 0, 0, 3], [0, 0, 3, 3, 3, 3, 0, 0, 3, 3], [3, 1, 1, 1, 3, 0, 0, 3, 3, 3], [0, 1, 1, 1, 3, 0, 3, 3, 0, 0], [0, 1, 1, 1, 0, 0, 0, 0, 0, 0], [0, 0, 0, 3, 0, 0, 0, 0, 0, 4]], "start_place_x": 0, "start_place_y": 0, "parameters": {"alpha": 0.1, "gamma": 0.99999, "epsilon": 1, "episodes": 10000, "step_limit": 1000, "epsilon_min": 0.001, "epsilon_decay_rate1": 1.0000000000287557e-06, "epsilon_decay_rate2": 1e-08, "reward_final": 1000, "reward_marsh": -50, "reward_road": -1, "steps_for_epsilon_stage1": 5000}}, "map_10": {"map": [[0, 0, 0, 1, 0, 0, 0, 1, 0, 0], [0, 1, 0, 1, 0, 1, 0, 1, 0, 0], [0, 1, 0, 0, 0, 1, 0, 0, 0, 0], [0, 3, 1, 1, 1, 0, 1, 1, 1, 0], [0, 0, 0, 0, 0, 1, 0, 0, 0, 0], [3, 0, 3, 0, 3, 1, 0, 1, 1, 1], [0, 0, 0, 0, 0, 1, 0, 0, 0, 0], [0, 3, 0, 3, 0, 3, 1, 1, 1, 0], [0, 0, 0, 0, 0, 0, 0, 0, 0, 0], [3, 0, 3, 0, 3, 0, 3, 0, 3, 4]], "start_place_x": 0, "start_place_y": 0, "parameters": {"alpha": 0.1, "gamma": 0.99, "epsilon": 10, "episodes": 10000, "step_limit": 1000, "epsilon_min": 0.001, "epsilon_decay_rate1": 2.9999999999752447e-06, "epsilon_decay_rate2": 1e-08, "reward_final": 1000, "reward_marsh": -20, "reward_road": -1, "steps_for_epsilon_stage1": 4000}}, "map_11": {"map": [[0, 0, 0, 0, 0, 2, 2, 2, 2, 2], [3, 3, 3, 3, 0, 0, 2, 0, 0, 2], [3, 3, 3, 3, 0, 2, 2, 2, 2, 2], [3, 3, 3, 3, 0, 0, 2, 1, 3, 2], [0, 0, 0, 0, 0, 0, 2, 3, 1, 2], [0, 2, 2, 2, 2, 2, 2, 2, 2, 2], [0, 0, 0, 0, 0, 0, 0, 0, 0, 0], [3, 3, 3, 3, 3, 3, 0, 0, 0, 0], [0, 0, 0, 0, 0, 0, 0, 0, 0, 0], [1, 1, 1, 0, 0, 0, 0, 0, 0, 4]], "start_place_x": 0, "start_place_y": 0, "parameters": {"alpha": 0.05, "gamma": 0.99, "epsilon": 0.99, "episodes": 10000, "step_limit": 2000, "epsilon_min": 0.001, "epsilon_decay_rate1": 5e-06, "epsilon_decay_rate2": 1e-08, "reward_final": 10000, "reward_marsh": -250, "reward_road": -1, "steps_for_epsilon_stage1": 5000}}, "map_12": {"map": [[0, 0, 1, 1, 0, 0, 0, 0, 0, 0], [0, 0, 1, 1, 0, 0, 0, 0, 0, 0], [0, 0, 1, 1, 0, 1, 1, 0, 0, 0], [0, 0, 1, 1, 3, 1, 2, 1, 1, 3], [0, 0, 1, 1, 4, 3, 0, 2, 1, 0], [0, 0, 1, 1, 1, 2, 0, 2, 1, 0], [0, 0, 1, 2, 2, 0, 0, 2, 1, 0], [0, 0, 1, 2, 0, 0, 2, 2, 1, 0], [0, 0, 1, 2, 3, 2, 2, 1, 1, 0], [0, 0, 0, 0, 0, 0, 0, 0, 0, 0]], "start_place_x": 0, "start_place_y": 0, "parameters": {"alpha": 0.05, "gamma": 0.99, "epsilon": 0.99, "episodes": 10000, "step_limit": 1500, "epsilon_min": 1e-05, "epsilon_decay_rate1": 2e-06, "epsilon_decay_rate2": 5e-09, "reward_final": 100, "reward_marsh": -5, "reward_road": -1,